[
    {
        "beanId": 1,
        "name": "Ethiopian Yirgacheffe Beans",
        "price": 15.99,
        "description": "Floral & Citrusy",
        "image": "https://espressocoffeeguide.com/wp-content/uploads/2010/05/yirgacheffeorganic-coffee-beans.jpg",
        "pics": 
        [
            { "display": "Grounded Blend", "val": "https://rhoadsroast-coffees.com/cdn/shop/products/3-lbs-ethiopian-yirgacheffe-misty-valley-natural-processed-fresh-mediumdark-roast-100percent-arabica-coffee-beans-rhoadsroast-coffees-and-importers-1.jpg" },
            { "display": "Awakened Aroma", "val": "https://becksfarmhousecoffee.com/cdn/shop/products/image_d8715592-9dca-44b8-b05b-e328773dbaca_1024x1024.jpg" },
            { "display": "Tranquil Essence", "val": "https://dripcoffee.lv/cdn/shop/files/Instagrampost-6.jpg" }
        ]   
    },
    {
        "beanId": 2,
        "name": "Colombian Supremo Beans",
        "price": 14.49,
        "description": "Smooth & balanced",
        "image": "https://static.wixstatic.com/media/c03207_f2f5b229a9d4476493a40f7aa70c56c0~mv2.jpg/v1/fit/w_500,h_500,q_90/file.jpg",
        "pics": 
        [
            { "display": "Colombian Supremo Excelso", "val": "https://www.newenglandcoffee.com/wp-content/uploads/2013/04/NEC_ExclusiveBags_ColombianExcelsoBlend.jpg" },
            { "display": "Colombian Supremo Medium Roast", "val": "https://bwjava.myshopify.com/cdn/shop/products/cosecha-huixoc_d930dc2a-3b4b-43f2-ab95-2ff504c6aeb6.jpg" },
            { "display": "Colombian Supremo Dark Roast", "val": "https://www.tastingtable.com/img/gallery/5-kirkland-signature-whole-bean-coffees-ranked-worst-to-best/2-kirkland-signature-colombian-supremo-1725433077.jpg" }
        ]   
    },
    {
        "beanId": 3,
        "name": "Sumatra Mandheling Beans",
        "price": 16.99,
        "description": "Earthy & syrupy",
        "image": "https://shop.lawcoffee.com/cdn/shop/files/Sumatra.jpg",
        "pics": 
        [
            { "display": "Sumatra Dark Roast", "val": "https://www.instacart.com/assets/domains/product-image/file/large_308851fe-135e-4d5b-bc8f-e7e913449b0c.jpg" },
            { "display": "Mandheling Estate", "val": "https://www.blackpowdercoffee.com/cdn/shop/products/image_a44822f4-9cfa-4339-a733-8af7269980b1_600x.jpg" },
            { "display": "Sumatran Coffee", "val": "https://www.bonescoffee.com/cdn/shop/files/sumatra-12oz-front-web_grande.jpg"}
        ]   
    }, 
    {
        "beanId": 4,
        "name": "",
        "price":0 ,
        "description": "",
        "image": "",
        "pics": [
            { "display": "", "val": "" }
        ]
    }
]