[
    {
        "coffeeId": 1,
        "name": "Espresso Nirvana",
        "category": "Espresso",
        "price": 6.99,
        "stock": 50,
        "description": "Brew Awareness",
        "image": "https://live.staticflickr.com/4769/24814515407_5230b92e9f_b.jpg",
        "pics": [
                { "display": "Espresso Mindset", "val": "pics/EspressoNirvana.jpg" },
                { "display": "Zen Espresso", "val": "pics/ZenEspresso.jpg" },
                { "display": "Mindful Brew Espresso", "val": "pics/MindfulBrewEspresso.jpg" },
                { "display": "Serene Shots Espresso", "val": "pics/SereneShotsEspresso.jpg" }
        ]
    },
    {
        "coffeeId": 2,
        "name": "Calm Brew Macchiato",
        "category": "Espresso",
        "price": 4.99,
        "stock": 40,
        "description": "Mindful Blend",
        "image": "https://thezenleaf.com/wp-content/uploads/2020/04/03-morning-coffee.jpg",
        "pics": [
            { "display": " Calm Macchiato", "val": "pics/coffeemachiato.jpg"},
            { "display": " Serenity Macchiato", "val": "pics/SerenityMacchiato.jpg"},
            { "display": "Calm Brew Macchiato", "val": "pics/CalmBrewMacchiato.jpg" },
            { "display": "Zen-Infused Macchiato", "val": "pics/ZenMacchiato.jpg" }
        ]
    },
    {
        "coffeeId": 3,
        "name": "Mindfulness Espresso",
        "category": "Espresso",
        "price": 9.49,
        "stock": 35,
        "description": "Awake Meditation",
        "image": "https://i.etsystatic.com/41414149/r/il/43242a/5767152244/il_570xN.5767152244_iiwo.jpg",
        "pics": [
            { "display": "Zen Bew Espresso", "val": "https://thezenleaf.com/wp-content/uploads/2020/04/03-morning-coffee.jpg" },
            { "display": "Calm Brew Espresso", "val": "https://coffeegeek.com/wp-content/uploads/2019/09/espressohowto-11-1024x683.jpg" },
            { "display": "Serenity Shot", "val": "https://coffeegeek.com/wp-content/uploads/2024/12/10-essential-cover-1-800x533.jpg" },
            { "display": "Focus Espresso", "val": "https://img4.dhresource.com/webp/m/0x0/f3/albu/jc/j/23/80d2091a-f5d3-4f71-bfee-b7b30a7f7ae8.jpg" }
        ]
    }, 
    {
        "coffeeId": 4,
        "name": "",
        "category": "",
        "price":0 ,
        "stock": 0,
        "description": "",
        "image": "",
        "pics": [
            { "display": "", "val": "" }
        ]
    }
]

   
