[
    {
        "beanId": 1,
        "name": "Ethiopian Yirgacheffe Beans",
        "price": 15.99,
        "description": "Floral & Citrusy",
        "image": "https://espressocoffeeguide.com/wp-content/uploads/2010/05/yirgacheffeorganic-coffee-beans.jpg"
    },
    {
        "beanId": 2,
        "name": "Colombian Supremo Beans",
        "price": 14.49,
        "description": "Smooth & balanced",
        "image": "https://static.wixstatic.com/media/c03207_f2f5b229a9d4476493a40f7aa70c56c0~mv2.jpg/v1/fit/w_500,h_500,q_90/file.jpg"
    },
    {
        "beanId": 3,
        "name": "Sumatra Mandheling Beans",
        "price": 16.99,
        "description": "Earthy & syrupy",
        "image": "https://shop.lawcoffee.com/cdn/shop/files/Sumatra.jpg"
    },
    {
        "beanId": 4,
        "name": "Guatemalan Antigua Beans",
        "price": 15.49,
        "description": "Rich & complex",
        "image": "https://i.ebayimg.com/images/g/Z-YAAOSwAu9mbfEb/s-l400.jpg"
    },
    {
        "beanId": 5,
        "name": "Ethiopian Yirgacheffe Beans",
        "price": 16.99,
        "description": "Fruity & floral",
        "image": "https://t3.ftcdn.net/jpg/08/27/13/16/360_F_827131629_HZKhUCKLqv4ekn0TcHumMpHcNbGdd1eG.jpg"
    },
    {
        "beanId": 6,
        "name": "Sumatra Mandheling Beans",
        "price": 14.99,
        "description": "Earthy & full-bodied",
        "image": "https://www.bonescoffee.com/cdn/shop/files/sumatra-12oz-front-web_grande.jpg"
    }
    
]