[
    {
        "coffeeId": 1,
        "name": "Espresso Nirvana",
        "category": "Espresso",
        "price": 4.99,
        "stock": 50,
        "description": "A bold, rich shot of espresso to awaken the senses while keeping your mind at peace. Perfect for mindful mornings or a mid-day reset.",
        "image": "https://live.staticflickr.com/4769/24814515407_5230b92e9f_b.jpg"
    },
    {
        "coffeeId": 2,
        "name": "Zen Espresso",
        "category": "Espresso",
        "price": 5.99,
        "stock": 40,
        "description": "A smooth and creamy latte with velvety steamed milk, designed to bring warmth and tranquility to your soul.",
        "image": "https://thezenleaf.com/wp-content/uploads/2020/04/03-morning-coffee.jpg"
    },
    {
        "coffeeId": 3,
        "name": "Mindfulness Espresso",
        "category": "Espresso",
        "price": 6.49,
        "stock": 35,
        "description": "A harmonious blend of espresso, rich chocolate, and frothy milk, crafted to soothe the mind and indulge the senses.",
        "image": "https://i.etsystatic.com/41414149/r/il/43242a/5767152244/il_570xN.5767152244_iiwo.jpg"
    },
    {
        "coffeeId": 4,
        "name": "Calm Cappuccino",
        "category": "Cappuccino",
        "price": 5.49,
        "stock": 45,
        "description": "A perfectly balanced cappuccino with delicate foam and deep espresso notes, ideal for quiet contemplation and relaxation.",
        "image": "https://img.freepik.com/premium-photo/realistic-coffee-photo-latte-art-calm-mood_946110-23982.jpg"
    },
    {
        "coffeeId": 5,
        "name": "Stillness Macchiato",
        "category": "Macchiato",
        "price": 5.79,
        "stock": 30,
        "description": "A beautifully layered espresso drink with a touch of frothy milk, offering a moment of stillness in every sip.",
        "image": "https://www.averiecooks.com/wp-content/uploads/2017/11/caramelmacchiato-18.jpg"

    },
    {
        "coffeeId": 6,
        "name": "Serene Matcha Latte",
        "category": "Matcha Latte",
        "price": 6.99,
        "stock": 25,
        "description": "A calming and earthy matcha latte, rich in antioxidants and crafted to bring balance to your mind and body.",
        "image": "https://cdn.vox-cdn.com/thumbor/_vnKEr6suzJeidpOI8NfCbhm0CY=/0x144:2000x1191/fit-in/1200x630/cdn.vox-cdn.com/uploads/chorus_asset/file/10809329/StonemillMatcha_PChang_5724.jpg"
    },
    {
        "coffeeId": 7,
        "name": "Harmony Chai Latte",
        "category": "Chai Latte",
        "price": 6.49,
        "stock": 30,
        "description": "A fragrant chai latte infused with spices like cinnamon and cardamom, perfect for a moment of warmth and balance.",
        "image": "https://plantbasedjess.com/wp-content/uploads/2024/03/IMG_9993-1024x683.jpg"
    },
    {
        "coffeeId": 8,
        "name": "Reflective Flat White",
        "category": "Flat White",
        "price": 5.99,
        "stock": 35,
        "description": "A silky and strong coffee experience, ideal for deep thoughts and quiet mornings.",
        "image": "https://live.staticflickr.com/65535/50726747986_2f3bb7bf50_z.jpg"
    }
]
