[
    {
      "coffeeId": 1,
      "name": "Espresso Nirvana",
      "image": "https://live.staticflickr.com/4769/24814515407_5230b92e9f_b.jpg",
      "espressoCount": 2,
      "price": 6.99,
      "roastDate": "2024-11-20",
      "expirationDate": "2025-05-20",
      "brewingMethod": "Espresso Machine",
      "cupSize": "Small"
    },
    {
      "coffeeId": 2,
      "name": "Calm Brew Macchiato",
      "image": "https://thezenleaf.com/wp-content/uploads/2020/04/03-morning-coffee.jpg",
      "espressoCount": 1,
      "price": 4.99,
      "roastDate": "2024-12-10",
      "expirationDate": "2025-06-10",
      "brewingMethod": "Stovetop Espresso",
      "cupSize": "Medium"
    },
    {
      "coffeeId": 3,
      "name": "Mindfulness Espresso",
      "image": "https://i.etsystatic.com/41414149/r/il/43242a/5767152244/il_570xN.5767152244_iiwo.jpg",
      "espressoCount": 3,
      "price": 9.49,
      "roastDate": "2025-01-30",
      "expirationDate": "2025-07-30",
      "brewingMethod": "Espresso Machine",
      "cupSize": "Small"
    },
    {
      "coffeeId": 4,
      "name": "Stillness Latte",
      "image": "https://images.unsplash.com/photo-1541167760496-1628856ab772",
      "espressoCount": 2,
      "price": 5.25,
      "roastDate": "2025-02-25",
      "expirationDate": "2025-08-25",
      "brewingMethod": "Drip Coffee",
      "cupSize": "Large"
    }
  ]