[
    {
        "beanVariety": "Ethiopian Yirgacheffe Beans",
        "harvestDate": "2024-11-15",
        "packagingDate": "2025-01-10",
        "acidityLevel": 8.5,
        "beanCount": 1000,
        "processingMethod": "Natural",
        "grindSize": "Medium",
        "image": "https://thumbs.dreamstime.com/z/ethiopian-yirgacheffe-coffee-beans-macro-image-medium-roasted-62600382.jpg"
    },
    {
        "beanVariety": "Colombian Supremo Beans",
        "harvestDate": "2024-10-20",
        "packagingDate": "2025-01-05",
        "acidityLevel": 6.5,
        "beanCount": 1200,
        "processingMethod": "Washed",
        "grindSize": "Coarse",
        "image": "https://th.bing.com/th/id/OIP.x0w-VuOIv-gAVRXnZqRbbwHaEK?rs=1&pid=ImgDetMain.jpg"
    },
    {
        "beanVariety": "Sumatra Mandheling Beans",
        "harvestDate": "2024-09-30",
        "packagingDate": "2024-12-15",
        "acidityLevel": 4.0,
        "beanCount": 1400,
        "processingMethod": "Honey Process",
        "grindSize": "Fine",
        "image": "https://th.bing.com/th/id/OIP.EaJq3yfA_dgr322ioBulMAAAAA?rs=1&pid=ImgDetMain.jpg"
    },
    {
        "beanVariety": "Guatemalan Antigua Beans",
        "harvestDate": "2024-10-05",
        "packagingDate": "2025-01-12",
        "acidityLevel": 7.0,
        "beanCount": 1300,
        "processingMethod": "Natural",
        "grindSize": "Medium",
        "image": "https://javabeanplus.com/cdn/shop/files/B-26_1024x1024.jpg?v=1698715345.jpg"
    },
    {
        "beanVariety": "Ethiopian Yirgacheffe Beans",
        "harvestDate": "2024-11-01",
        "packagingDate": "2025-01-20",
        "acidityLevel": 9.0,
        "beanCount": 1100,
        "processingMethod": "Washed",
        "grindSize": "Fine",
        "image": "https://rhoadsroast-coffees.com/cdn/shop/products/3-lbs-ethiopian-yirgacheffe-washed-grade-1-dark-espresso-roast-fresh-100percent-arabica-coffee-beans-rhoadsroast-coffees-and-importers-5_1500x.progressive.jpg"
    }
]
